Adaugam o banca,2021/04/27 16:38:52
Adaugam o banca,2021/04/27 16:38:52
Adaugam o banca,2021/04/27 16:38:52
Adaugam o banca,2021/04/27 16:38:52
Adaugam un cont,2021/04/27 16:38:52
Adaugam un cont,2021/04/27 16:38:52
Facem o tranzactie noua,2021/04/27 16:38:52
Adaugam un cont,2021/04/27 16:38:52
Adaugam un cont,2021/04/27 16:38:52
Facem o tranzactie noua,2021/04/27 16:38:52
Adaugam un cont,2021/04/27 16:38:52
Adaugam un cont,2021/04/27 16:38:52
Facem o tranzactie noua,2021/04/27 16:38:52
Adaugam un cont,2021/04/27 16:38:52
Adaugam un cont,2021/04/27 16:38:52
Facem o tranzactie noua,2021/04/27 16:38:52
Adaugam un cont,2021/04/27 16:38:52
Adaugam un cont,2021/04/27 16:38:52
Facem o tranzactie noua,2021/04/27 16:38:52
Adaugam un cont,2021/04/27 16:38:52
Adaugam un cont,2021/04/27 16:38:52
Facem o tranzactie noua,2021/04/27 16:38:52
Adaugam un card nou,2021/04/27 16:38:52
Adaugam un card nou,2021/04/27 16:38:52
Adaugam un card nou,2021/04/27 16:38:52
Adaugam un card nou,2021/04/27 16:38:52
Adaugam un card nou,2021/04/27 16:38:52
Adaugam un card nou,2021/04/27 16:38:52
Adaugam un card nou,2021/04/27 16:38:52
Facem o tranzactie noua,2021/04/27 16:38:52
Adaugam bani intr-o banca,2021/04/27 16:38:52
Adaugam o tranzactie noua,2021/04/27 16:38:52
Facem o tranzactie noua,2021/04/27 16:38:52
Adaugam bani intr-o banca,2021/04/27 16:38:52
Adaugam o tranzactie noua,2021/04/27 16:38:52
Facem o tranzactie noua,2021/04/27 16:38:52
Adaugam bani intr-o banca,2021/04/27 16:38:52
Adaugam o tranzactie noua,2021/04/27 16:38:52
Afisam cardurile contului,2021/04/27 16:38:52
Afisam cardurile contului,2021/04/27 16:38:52
Afisam cardurile contului,2021/04/27 16:38:52
Afisam cardurile contului,2021/04/27 16:38:52
Afisam cardurile contului,2021/04/27 16:38:52
Afisam cardurile contului,2021/04/27 16:38:52
